Title,First Name,Middle Name,Last Name,Suffix,Company,Business Phone,Mobile Phone,Anniversary,Birthday,E-mail Address,Location,Web Page
,Anita,,Jorgensen,,Contoso,555-555-1212,555-555-1212,06-03-2005,1/20/1981,Anita@contoso.com,Redmond,http://www.microsoft.com/
,Anne-Mette,,Olesen,,Contoso,555-555-1212,,,,Anne-Mette@contoso.com,,
,Dorena,,Paschke,,Contoso,555-555-1212,,,,DorenaP@contoso.com,,
,Kemal,,Celik,,Contoso,555-555-1212,,,,Kemal@contoso.com,,
,Shiori,,Inoue,,Contoso,555-555-1212,,,,Shiori@contoso.com,,
